Id,Content,Type,Date,idx
1800000321,無法透過 CAMP 上SIT 系統 icon 的連接登入. 可否協助看一下這問題,CAMP,20180213,0
1800000321,無法透過 CAMP 上SIT 系統 icon 的連接登入. 可否協助看一下這問題,CAMP,20180213,1
1600001420,收到CAMP 簽核表單，開頭CAF_QRDC，不清楚這是什麼簽核表單,CAMP,20160604,2
1600001420,收到CAMP 簽核表單，開頭CAF_QRDC，不清楚這是什麼簽核表單,CAMP,20160604,3
1500003557,"無法會員登入,顯示訊息:無效的帳號或使用者不存在。帳號:96122401",CAMP,20151228,4
1900000199,因今天有事請假，要補登先前的加班，但開啟camp後，出勤表單顯示的內容看起來像測試的，沒有最近的時間也沒辦法使用，(已登出重登，但狀況還是一樣) 煩請協助確認是否資料異常?  因有事外出，請早上10點過後聯繫，感謝。,CAMP,20190125,5
1500001239,四月中時修改中英文姓名，Outlook已生效，但CAMP仍為舊名字。,CAMP,20150505,6
1500001239,四月中時修改中英文姓名，Outlook已生效，但CAMP仍為舊名字。,CAMP,20150505,7
1700000352,"手機簽核BPM有問題,都顯示亂碼  #18227",CAMP,20170208,8
1500002414,無法在手機上面使用CAMP進行表單簽核動作。分機：17132,CAMP,20150828,9
1500001816,CAMP上的會議室預約系統無法使用，煩請幫忙處理 #13931,CAMP,20150703,10
1500001816,CAMP上的會議室預約系統無法使用，煩請幫忙處理 #13931,CAMP,20150703,11
1600000612,分機: 17451  問題: 使用雲端會議功能時，無法設定預設群組，造成無法繼續選擇會議室預約,CAMP,20160315,12
1600000612,分機: 17451  問題: 使用雲端會議功能時，無法設定預設群組，造成無法繼續選擇會議室預約,CAMP,20160315,13
1500001669,資料不見，沒有顯示表單,CAMP,20150617,14
1500001669,資料不見，沒有顯示表單,CAMP,20150617,15
1800002603,帳號鎖住,CAMP,20181220,16
1500002136,"operation說以前用EC,現在改用CAMP; 廠商要使用CAMP, 但是operation沒有帳號  #385-13107",CAMP,20150805,17
1500002136,"operation說以前用EC,現在改用CAMP; 廠商要使用CAMP, 但是operation沒有帳號  #385-13107",CAMP,20150805,18
1500003562,iphone安裝完後無法使用,CAMP,20151228,19
1500003562,iphone安裝完後無法使用,CAMP,20151228,20
1800000120,系統無法登入,CAMP,20180116,21
1800002285,無法打開報單資料,CAMP,20181106,22
1500001793,看不到自己的專案表單.,CAMP,20150701,23
1500001793,看不到自己的專案表單.,CAMP,20150701,24
1500001687,專案有顯示表單物件空白，昨天還正常,CAMP,20150617,25
1500001687,專案有顯示表單物件空白，昨天還正常,CAMP,20150617,26
1600003101,"出差同仁無法登入camp, 委請同事詢問",CAMP,20161128,27
1800002522,無法加入專案,CAMP,20181210,28
1600001577,手機APP通知關不掉,CAMP,20160628,29
1600003236,"請問一下，為什麼我進入CAMP，在會員中心點選""應用程式""卻找不到""研發服務雲""可點選?  該如何解決?",CAMP,20161212,30
1800001457,用手機CAMP要簽核電腦外帶攜出申請單，出現應用程式發生錯誤 #15189,CAMP,20180704,31
1900000697,研發服務雲 > 偕同開發 > 新增專案 : 無法新增 J51 or J51D 專案 for PCB 發包( Error Code: 相同專案名稱已存在),CAMP,20190408,32
1900000683,"進入 CAMP 「研發服務雲」的icon 沒有進一步的資訊 , 畫面空白,沒有發包選單",CAMP,20190403,33
1600003252,"在CAMP平台點選""應用程式""找不到""研發服務雲""可以點選，請問該如何解決?",CAMP,20161214,34
1800002586,預報加班系統異常.主管簽核完成後仍然顯示預報中.,CAMP,20181218,35
1800002048,"想確認一下CAMP Drive 不能使用,點選進去顯示: 已配置空間：0G　已使用空間：20.9 KB , 之前是關閉雲端, 現在是用本機收信,是否跟這個有相關, 謝謝~",CAMP,20180926,36
1900000553,3/20CAMP跳出資訊告知同仁預報加班簽核不同意，但助理作業看到的資訊為簽核中,CAMP,20190320,37
1900000553,3/20CAMP跳出資訊告知同仁預報加班簽核不同意，但助理作業看到的資訊為簽核中,CAMP,20190320,38
1800000327,材料異常管理流程有疑問,CAMP,20180214,39
1800002177,我在 20181008 有用手機的 CAMP (我的出勤) 來申報加班 (20181004)  因為我要完成上星期的加班申請  我還送了二次，確定都有點 Trans it  但是，結果是根本沒送出去...   請問這該怎麼辦?,CAMP,20181019,40
1700002173,"在CAMP簽核材料鑑審單後, 卡在 ""系統執行"" 無法進入到下一關, 工廠需要進料, 卡在這些單子無法結單  單號  1700015882   APP0000289258  1700016031   APP0000293274  1700015877   APP0000289235  1700015875   APP0000290033  此外  手機的CAMP最近一打開就黑屏當機, 已經重新下載還是一樣",CAMP,20170825,41
APP0021835,PRO-E  登入問題,GOC,20080827,42
APP0030859,PRO/E抓不到licence，分機12320,GOC,20100323,43
APP0045445,Pro-e 抓不到License,GOC,20120803,44
APP0045445,Pro-e 抓不到License,GOC,20120803,45
APP0052123,新灌Pro-e 無法開機,GOC,20130806,46
APP0032164,Pro-e 在外部網路無法使用 (原始是可以使用),GOC,20100520,47
APP0028185,無法登入Pro/E。分機:12664,GOC,20091028,48
1500002281,今天Pro/E一直無法使用，有請同事幫忙確認數量，確定是還有的，但就是沒辦法使用。#18642,GOC,20150819,49
APP0034790,無法取得license,GOC,20100924,50
APP0035655,沒辦法使用Pro/E,GOC,20101111,51
1700000318,連外網時Pro/E無法使用,GOC,20170206,52
APP0050124,無法進到Pro/E  分機:16108,GOC,20130408,53
APP0050133,沒有license無法使用  分機:385-12763,GOC,20130408,54
1800000619,系統無法登入  EXT:16573,GOC,20180327,55
1600001509,使用 PRO/E 時 時常會 突然程式閃退，PRO/E 就直接關掉了，發生頻率很高，顯卡是AMD，Driver確定有安裝。,GOC,20160614,56
APP0036532,user 輸入工號與密碼無法登入 #16225,GOC,20101231,57
APP0036532,user 輸入工號與密碼無法登入 #16225,GOC,20101231,58
APP0039994,申請後沒有收到通知,GOC,20110812,59
APP0034730,該員申請meetingPlace 申請完畢後 系統不會自動發信  這個狀況已經很久了 煩請協助處理 該同仁分機:12107,GOC,20100920,60
APP0019843,Meeting Place 安裝問題#17980,GOC,20080414,61
APP0020102,聯絡電話 12743,GOC,20080430,62
APP0039983,在outlook 2010無法看到meeting place的功能按鈕,GOC,20110811,63
APP0045579,Pro/E無法使用,GOC,20120809,64
APP0021565,欲進行多方會議，申請方法與設定方式,GOC,20080806,65
APP0022576,欲刪除設定錯誤的meeting place  ID#7742  TEL:382-647468,GOC,20081016,66
APP0022576,欲刪除設定錯誤的meeting place  ID#7742  TEL:382-647468,GOC,20081016,67
APP0028970,按Schedule Meeting後出現帳號密碼輸入畫面,GOC,20091208,68
APP0043781,操作詢問,GOC,20120419,69
APP0030115,操作問題 TEL:15455,GOC,20100202,70
APP0030115,操作問題 TEL:15455,GOC,20100202,71
APP0017041,Meeting place add user error,GOC,20071011,72
APP0015270,"僅收到第一封發出meeting的郵件,未收到另一封更改主題的郵件",GOC,20070703,73
APP0038338,ext. 15800  例如會議設定時間是4點開始，但是拖到4:30要Call進去卻發現meeting已經不能Call in。  另外，meeting place的會議如何收費。,GOC,20110422,74
APP0045920,分機:15392  問題: Microsoft Lync無法與外部廠商進行con call，是否有其他方式可以使用?,GOC,20120829,75
APP0031201,user limite?,GOC,20100409,76
APP0039382,93012802 分機:13229 Meetingplace 安裝有問題,GOC,20110630,77
APP0009628,請協助使用者排除操作上的問題(時間、日期設定)。,GOC,20061003,78
APP0029956,Ctrix沒有顯示在myquanta中,GOC,20100125,79
APP0051718,"Pro-E申請後,無法安裝   #16118",GOC,20130708,80
APP0046836,PLM系統可以登入，但無法使用(例如:申請)。  EXT:17851,GOC,20121017,81
APP0045754,pro/e 無法使用 (連接不到伺服器),GOC,20120820,82
1600000623,#16960  工作機資產轉移(更換至新部門)，是否需要重新申請ProE序號?,GOC,20160316,83
APP0045177,已經搶了三個小時的ProE License，目前仍無法使用。想詢求解決的方法。分機：16960,GOC,20120717,84
1600000377,#16960  ProE License 昨天下午到今天早上皆為0，無法使用。,GOC,20160216,85
APP0049117,分機：13368。搶了一個早上的License，想詢問是否有其它解決方法。,GOC,20130218,86
APP0045411,Pro/E 無法連上  分機: 13368,GOC,20120803,87
APP0052323,"ProE打不開,顯示unknown license error #18257",GOC,20130819,88
APP0050130,一直無法取得license來使用  分機:18257,GOC,20130408,89
APP0008401,"Client無法取得授權,分機11249",GOC,20060707,90
APP0008401,"Client無法取得授權,分機11249",GOC,20060707,91
APP0046143,#12489,GOC,20120910,92
APP0046143,#12489,GOC,20120910,93
1700002686,等了3個小時還是沒有權限，請問何時可以讓我們正常運作軟體，我這邊有緊急的事情需要使用,GOC,20171016,94
1700002681,Creo2早上等到現在都沒序號可以使用，請問是否應該增加套數避免讓使用者等待呢?,GOC,20171016,95
APP0045724,"已申請過資訊需求單,  Pro/E 無法使用license",GOC,20120817,96
1500003201,"Project/E於電腦重灌後,沒有License.  #13625",GOC,20151117,97
1800002499,無法進入windchill cabinets 去抓標準零件,GOC,20181206,98
APP0049126,想詢問如何使用ProE Viewer程式瀏覽。分機：16027,GOC,20130218,99
APP0045569,#15030  Pro/E打不開,GOC,20120809,100
1700002173,"在CAMP簽核材料鑑審單後, 卡在 ""系統執行"" 無法進入到下一關, 工廠需要進料, 卡在這些單子無法結單  單號  1700015882   APP0000289258  1700016031   APP0000293274  1700015877   APP0000289235  1700015875   APP0000290033  此外  手機的CAMP最近一打開就黑屏當機, 已經重新下載還是一樣",CAMP,20170825,101
1600001957,CAMP APP中的BPM表單無法簽核，出現錯誤! 人在美國，請用OCS連繫，謝謝。,CAMP,20160802,102
1600001957,CAMP APP中的BPM表單無法簽核，出現錯誤! 人在美國，請用OCS連繫，謝謝。,CAMP,20160802,103
1800000017,內部行文申請單填寫送出後，一直轉沒有送出成功。,CAMP,20180102,104
1700000547,"您好, 本人Android手機安裝了CAMP, 預設了 Outlook 行事曆, 請問如何設定""不要""提醒通知呢? 可否告知. Thanks.",CAMP,20170307,105
1700000841,"本人已將手機上 CAMP 公告欄""關閉發文追蹤"", 不知為何今天早上一直不斷顯示""熱情活力向前走(回文)""!!! 至少有 30~40 個垃圾訊息...  請問該如何""關閉 Disable"" 這類公告訊息呢? 麻煩告知. Thanks.",CAMP,20170406,106
1800002036,CAMP 問題單簽核過，卻卡住，時間秀1900年。,CAMP,20180925,107
1800001675,"簽內部行文時無法使用開機密碼登入必須使用公司內部的AD帳號與密碼登入CAMP系統, 但不知什麼是AD 密碼",CAMP,20180807,108
1700000549,雲端會議系統無法正常登入使用,CAMP,20170307,109
1700001084,QCALL於重慶無法登入。#21333,CAMP,20170510,110
1700001400,"使用Q-call發生異常, 撥不出去",CAMP,20170608,111
1700000703,"無法進入camp系統  會出現 ""這項作業因電腦上作用中的限制而取消,請聯絡你的系統管理員"" 訊息  PS:人在QSMC出差 請儘快幫忙解決  THX",CAMP,20170323,112
1500000567,CAMP APP無法登入~留職停薪已回來三週  #18020,CAMP,20150317,113
1500001462,QCO上無法使用CAMP平台,CAMP,20150527,114
1500003551,用iphone掃描 code沒有出現任何網址。,CAMP,20151228,115
1500003551,用iphone掃描 code沒有出現任何網址。,CAMP,20151228,116
1700002196,CAMP  PBA系統 無法選擇 上方下拉選單  customer & group 選項,CAMP,20170828,117
1700002196,CAMP  PBA系統 無法選擇 上方下拉選單  customer & group 選項,CAMP,20170828,118
1500002994,在iphone上面裝camp後無法啟動 #13601,CAMP,20151029,119
1500002994,在iphone上面裝camp後無法啟動 #13601,CAMP,20151029,120
1500003114,安裝CAMP   無法執行  IOS版本9.1,CAMP,20151110,121
APP0029956,Ctrix沒有顯示在myquanta中,GOC,20100125,122
APP0038997,詢問如何新增>5人數,GOC,20110603,123
APP0035965,"USER反應有設定問題,已通知Ellis協助處理 #15228",GOC,20101201,124
APP0024891,詢問meeting place人數設定問題,GOC,20090403,125
APP0024891,詢問meeting place人數設定問題,GOC,20090403,126
APP0020797,安裝完project2007後一直被要求重新設定#11765,GOC,20080623,127
APP0031304,Meetingplace 無法使用  #: 13637,GOC,20100414,128
APP0013869,使用者需要設定視訊三方通話,GOC,20070412,129
APP0013869,使用者需要設定視訊三方通話,GOC,20070412,130
APP0023563,myquanta無法連線,GOC,20081222,131
APP0041104,"申請meeting place時, 出現視窗, 要求sign in",GOC,20111021,132
APP0010686,無法連上MeetingPlace,GOC,20070103,133
APP0028389,Need to upgrade project 2003 to 2007. But online updtae/ access can not work. Please help!,GOC,20091109,134
APP0039772,"無法使用MEETING, 急需與客人開會",GOC,20110727,135
APP0039401,工號:100043H8 分機:17952  Meetingplace 無法登入,GOC,20110630,136
APP0033625,透過 sslvpn連回公司後，使用ctrix上sap會出現 Session can not flond in ICA File   .   請聯絡218829,GOC,20100730,137
APP0040960,Meeting Place 設定con-call號碼問題,GOC,20111013,138
APP0021633,新增會議出現錯誤無法新增：Error 22587、Error22640。#215348,GOC,20080811,139
APP0044672,MeetingPlace申請問題,GOC,20120619,140
APP0025660,meeting place 相關操作設定問題。#12156,GOC,20090525,141
APP0025660,meeting place 相關操作設定問題。#12156,GOC,20090525,142
APP0010272,meeting place設定,GOC,20061129,143
1500003114,安裝CAMP   無法執行  IOS版本9.1,CAMP,20151110,144
1600000797,桌機轉到Qcall操作問題,CAMP,20160331,145
1600000797,桌機轉到Qcall操作問題,CAMP,20160331,146
1700001637,"Android 手机下载 CAMP APP 行动办公云 ,安装完后, 无法登入CAMP",CAMP,20170705,147
1700002255,CAMP APP打開一片空白，無法使用  手機OS版本:android 7.1.1,CAMP,20170831,148
1700001638,需要CAMP問卷功能做課後滿意度調查,CAMP,20170705,149
1700001659,"6/22 收到MIS信件說CAMP 有新增iworkflow功能, 但我手機點進去都顯示沒有待簽核表單, 實際從BPM簽核進去看卻有待簽核表單.  麻煩幫忙確認一下. thanks",CAMP,20170706,150
1600000561,"廠商打來詢問, 如何使用CAMP 系統上傳發票, 以下是廠商的聯繫方式  廠商: 龍大昌  電話: 8684-1618 分機:215, 吳小姐",CAMP,20160309,151
1600000561,"廠商打來詢問, 如何使用CAMP 系統上傳發票, 以下是廠商的聯繫方式  廠商: 龍大昌  電話: 8684-1618 分機:215, 吳小姐",CAMP,20160309,152
1800001143,"雲端硬碟無法上傳檔案, 無個人資料夾, 無配置空間",CAMP,20180530,153
1800001143,"雲端硬碟無法上傳檔案, 無個人資料夾, 無配置空間",CAMP,20180530,154
1800002307,內部行文申請單，公司名稱跑不出來,CAMP,20181108,155
1600000550,"製造服務雲無法使用, 是否有需要申請    龍大昌股份有限公司    (02)8684-1618 #215  吳小姐",CAMP,20160308,156
1600000550,"製造服務雲無法使用, 是否有需要申請    龍大昌股份有限公司    (02)8684-1618 #215  吳小姐",CAMP,20160308,157
1600000153,CAMP 無法使用,CAMP,20160114,158
1800000791,護照簽證申請單 1800000176 原先申請一般件已完成簽核，中間需改急件申請，現旅行社已先代辦完成，原先的申請單好像無法自行抽單，請幫忙告知是否幫忙抽單重新申請，或是有其他方式，謝謝!,CAMP,20180419,159
1700001582,HI :     我手機無法簽ECN     THANKS  RYAN,CAMP,20170628,160
1900000753,"CAMP 忘記密碼,  無法登入",CAMP,20190416,161
1600000585,查詢廣藝廳的資訊時候一直顯示資料導入中，沒有顯示出相應的資訊。,CAMP,20160311,162
1800000768,CAMP於新手機無法登入，舊手機登出後也無法登入,CAMP,20180416,163
1700000864,"人在重慶出差, 因出差要延長, 想展延Q call, Linc的使用期限",CAMP,20170410,164
APP0048481,使用此軟體時候pro/e  畫面當掉  記憶體會出現藍色畫面，白色的字  EXT:12546,GOC,20130108,165
APP0032949,Pro/E申請問題 #15554,GOC,20100628,166
APP0026185,"Pro/E無法使用, 請協助處理.",GOC,20090710,167
APP0045455,PRO/E Licenece 有問題，無法登入  EXT:13101,GOC,20120806,168
APP0045455,PRO/E Licenece 有問題，無法登入  EXT:13101,GOC,20120806,169
APP0046558,會出現 License  不足，無法開啟Pro/E，只能一直按follow Licenese，煩請找尋根冶的辦法 #17330,GOC,20121001,170
APP0045462,Pro/E (WF4.0) 無法開啟，顯示的Warning為:  License request failed for feature PROE_Flex3C: -5:  No such feature exits.    有請座位附近同事的開他們的Pre/E，他們很容易就可開啟。  我從約上周五開始就無法開啟，show相同warning，有試過從新安裝，但一樣無法開啟。  謝謝!!,GOC,20120806,171
APP0045462,Pro/E (WF4.0) 無法開啟，顯示的Warning為:  License request failed for feature PROE_Flex3C: -5:  No such feature exits.    有請座位附近同事的開他們的Pre/E，他們很容易就可開啟。  我從約上周五開始就無法開啟，show相同warning，有試過從新安裝，但一樣無法開啟。  謝謝!!,GOC,20120806,172
APP0045731,工作機無法使用license,GOC,20120817,173
1600000382,#16665  ProE Lisence 無法使用,GOC,20160216,174
APP0054710,ProE連不上  分機\:15548,GOC,20131225,175
APP0045412,pro-e在公司無法打開  用VPN連回公司後要借用pro-e license 也無法借  並顯示下面訊息  License request failed for  feature PROE_ProcessModeler:-21:  License file does not support this version,GOC,20120803,176
APP0048366,顯示Lincese is Done無法連線進入。  目前人在大陸出差，請用Lync或Mail聯絡,GOC,20121228,177
APP0044843,OR CAD 無法登入.,GOC,20120627,178
APP0046792,無法使用Pro/E  分機: 12481,GOC,20121016,179
APP0037854,MIS你好:  我在大陸展運開啟pro/e的時候，會無法開啟程式，連啟動畫面都沒有，就算我把license借出5天，這種方法也無法直接開啟pro/e，這是我重新安裝win 7後發生的問題，目前狀況是一定要連上VPN才有辦法開啟pro/e，以前我是win xp的時候也不需要連上VPN即可開啟pro/e，我同事也都不需要連上VPN也可開啟pro/e，因為我如果去廠商那邊，不一定有網路可以連上VPN，但我又需要開啟pro/e，這會讓我無法處理問題，請幫忙盡快替我解決，非常感謝。,GOC,20110324,180
APP0058285,無法開PRO E,GOC,20141231,181
1500000008,使用者反映版本不支援，無法使用,GOC,20150105,182
APP0038641,"使用者出差, 反應 Pro/E 無法 Get License, 請協處 # China Mobile : 18621675032 , TKS!",GOC,20110511,183
APP0040148,ProE一直出現需要授權的問題。分機：18759,GOC,20110823,184
1600002380,開兩個圖檔即會吃掉8G的記憶體容量，導致電腦非常緩慢   #18212,GOC,20160908,185
APP0043824,license 借不到  分機 12862,GOC,20120423,186
APP0021837,PRO-E 無法打開,GOC,20080827,187
APP0045605,PRO/E 過期 無法使用 目前人在重慶出差 非常緊急 無法辦公   目前已提出資訊需求申請單號 APP0004874  但據同事經驗 須要一個禮拜的簽核  會造成無法進行工作  請幫忙處理,GOC,20120812,188
APP0028529,Po/E不穩定，斷斷續續。,GOC,20091116,189
1500001898,一直借不到license~無法工作,GOC,20150709,190
1500001594,#15932  licence不能借,GOC,20150608,191
APP0052280,畫Pro/E 系統lag得很嚴重,GOC,20130815,192
APP0010102,myquanta 上不去,GOC,20061114,193
APP0010102,myquanta 上不去,GOC,20061114,194
APP0046609,"CADENCE - ORCAD ,無法使用因為License不足",GOC,20121004,195
1700003429,工號:10206025   CAMP網站無法連線,CAMP,20171220,196
1800001463,雲端會議系統-雲端會議室預約系統，在預約會議室的時候，系統會顯示錯誤會議室。EX預約N211預約完會顯示成N212,CAMP,20180705,197
1600001348,使用者反應登入CAMP帳號被告知為留職停薪狀態，請協助處理,CAMP,20160527,198
1600001004,詢問如何使用手機APP進行BPM表單簽核,CAMP,20160428,199
APP0043009,"早上運作正常,中午回座位  Power有亮,但螢幕全黑沒反應,重開機無效",GOC,20120301,200
APP0042934,設了5個CON-CALL 但都同個ID,GOC,20120223,201
APP0037231,user 操作上有問題需請教。#13335,GOC,20110209,202
APP0025961,Meeting Place無法使用,GOC,20090618,203
APP0025961,Meeting Place無法使用,GOC,20090618,204
APP0025501,使用者一直有使用上的困難，需要盡快處理，急著今天與客戶concall。user現在在大陸出差。請打電話到382-63607,GOC,20090514,205
APP0029722,"客人使用2007 live meeting,會因為版本不同而無法連進去使用嗎 聯絡電話12965",GOC,20100111,206
APP0029722,"客人使用2007 live meeting,會因為版本不同而無法連進去使用嗎 聯絡電話12965",GOC,20100111,207
APP0016739,同仁多次反映連結sap問題   時好時壞   經確認並非sap logon issue   主要citrix server issue   pls help.,GOC,20070920,208
APP0020215,SAP登入問題時會出現ICA file not found.  請聯絡17539,GOC,20080509,209
APP0043937,視訊會議無法使用。請連絡分機：13204。,GOC,20120502,210
APP0043937,視訊會議無法使用。請連絡分機：13204。,GOC,20120502,211
APP0041234,無法排程會議，一按schedule meeting會跳出輸入帳號密碼，但一直輸入都不會成功。#17909,GOC,20111031,212
1800001947,小畫家打不開,GOC,20180911,213
APP0020607,user反映主旨部分輸入位元數不足，無法寫入詳細資訊,GOC,20080610,214
APP0020607,user反映主旨部分輸入位元數不足，無法寫入詳細資訊,GOC,20080610,215
APP0025433,"ORCAD ALLEGRO無法使用, ext. 16004",GOC,20090511,216
APP0041957,無法登入meeting place  #16706,GOC,20111219,217
1500000436,"shell point有開權限,但是依然有權限問題無法正常進入",GOC,20150226,218
APP0046530,預約會議室，預約多日但不同間會議室，系統會直接跳錯誤畫面,GOC,20120928,219
APP0017760,myquanta無法連線,GOC,20071119,220
APP0012524,已申請meeting place 但沒回覆訊息#18930,GOC,20070212,221
1800001198,"使用雲端硬碟, 上傳檔案並未超過1G, 但系統提示不可上傳大於1G之檔案",CAMP,20180605,222
1800001198,"使用雲端硬碟, 上傳檔案並未超過1G, 但系統提示不可上傳大於1G之檔案",CAMP,20180605,223
1700001546,"CAMP中的""我的出勤"" 無功能,無法用來預報加班,加班,請假申請",CAMP,20170623,224
1900000200,#6 32729 重慶人員，但有台灣帳號，已確認過帳號密碼(10104055) 是有效的，但無法登入camp，因有事返台，沒有帶到電腦回來，需要透過camp 簽核表單，想請求協助。,CAMP,20190125,225
1800000039,您好，我正在發包，資料夾權限已經確定分享給板廠了，但是三家板廠都詪我回復一個小時過去了什麼都沒看到。我去檢查資料夾權限確定表單分享夥伴有板廠，煩請幫忙澄清謝謝。,CAMP,20180105,226
1700003225,CAMP上研發雲找不到帳號，要建帳號。,CAMP,20171124,227
1700003319,研發服務雲的相關問題詢問.,CAMP,20171205,228
1800000851,"研發服務雲沒有權限, 無法加入LAYOUT OUTSOURCING的任務群組.",CAMP,20180425,229
1800002329,夜班作業員要登入用CAMP，發覺用工號/身分證號登不進去，用新申請帳號也登不進去，請協助處理。請打0900646487 聯絡,CAMP,20181112,230
1500000591,"外部客人來電, 進廣達製造服務雲, 訂單#3590, 下單後有問題, 請聯繋客人david.xu001@yahoo.com",CAMP,20150320,231
1500000591,"外部客人來電, 進廣達製造服務雲, 訂單#3590, 下單後有問題, 請聯繋客人david.xu001@yahoo.com",CAMP,20150320,232
1500003571,第一次使用，App出現  尚未信任企業及開發人員的錯誤訊息 #17364,CAMP,20151229,233
1800002451,"CAMP個人服務只剩下""通訊錄""與""設定""，其他功能都看不到 10711010有相同問題 #12411",CAMP,20181129,234
1700000985,手機如何簽核?  聯絡分機:11780,CAMP,20170426,235
1600001433,"無故收到 來自 Quanta_WebNotice@camp.com 的信件, 內容大致為 : CAF_QRDC 逾期通知....  大概有4-5天了, 經詢問同仁都沒有收過類似信件, 請協助確認是哪個系統誤發, 謝謝",CAMP,20160606,236
1800002163,使用者為九職等忘記登入密碼 請協助查詢 謝謝,CAMP,20181018,237
1700002627,"到達CAMP首頁輸入工號和密碼後, IE無法開啟CAMP, 錯誤代碼如下:   問題簽章:     問題事件名稱: APPCRASH    應用程式名稱: IEXPLORE.EXE    應用程式版本: 11.0.9600.18698    應用程式時間戳記: 59189c94    錯誤模組名稱: nvumdshim.dll    錯誤模組版本: 8.17.12.6594    錯誤模組時間戳記: 4cf38952    例外狀況代碼: c0000005    例外狀況位移: 16262    作業系統版本: 6.1.7601.2.1.0.256.4    地區設定識別碼: 1028    其他資訊 1: fdca    其他資訊 2: fdca2c93b3ed5c35bc1ca08543c5ea9a    其他資訊 3: 1227    其他資訊 4: 12273e2cbc200a984844ae650649c62a",CAMP,20171005,238
1500001157,利用CAMP上傳檔案後，無法在電腦存取該檔案  分機：13561,CAMP,20150427,239
APP0030016,Pro-E無法安裝,GOC,20100127,240
1600000389,#15627  新工作機安裝ProE後，執行ProE DRW檔案，外接滑鼠沒有任何反應。  1.Touchpad正常  2.滑鼠(有線)沒有任何反應，接不同USB孔結果一樣。  3.唯有重開機滑鼠功能才恢復正常。,GOC,20160216,241
APP0046611,ORK 無法連線使用,GOC,20121004,242
1700002695,creo 3.0 從昨天到現在一直借不到license,GOC,20171017,243
APP0051857,Pro/E無法登入，請協助!!,GOC,20130717,244
1600001570,在公司內可以使用，但攜出時需要借用License 會出現缺少某個檔案，以至於無法使用，想詢問該如何處理。,GOC,20160624,245
1600001205,License相關問題,GOC,20160518,246
APP0010097,My quanta上不去,GOC,20061114,247
APP0028622,user is not able to install Pro/E,GOC,20091120,248
APP0031271,OS：WIN7，使用pro/e，偶爾會出現無法上傳到server，或是會自動跳出的情況,GOC,20100413,249
APP0046799,Pro/E 無法使用  分機: 16995,GOC,20121016,250
APP0046962,無法連上  #16995,GOC,20121023,251
APP0047360,"作業系統重灌,  需重灌Pro/E 與 Intra link",GOC,20121107,252
APP0047360,"作業系統重灌,  需重灌Pro/E 與 Intra link",GOC,20121107,253
1600000713,無法開啓,GOC,20160323,254
APP0045173,有ProE license 的問題要詢問。分機：18957,GOC,20120717,255
APP0045674,PRO/E網頁進不去,GOC,20120815,256
APP0057782,"已申請使用PROE Creo 2.0 並完成安裝Creo2.0.卻無法開啟  請協助確認是何問題,謝謝!!  錯誤訊息:  Fatal error encountered. A traceback has been written to D:\PTC2.0\Cero 2.0\Parametric\bin\traceback.log",GOC,20141112,257
APP0045689,"急需用PRO/E,目前在公司內部也無法拉到License使用PRO/E  是否5.0版,連在公司內部也會因為License使用人數過多,無法使用?",GOC,20120815,258
APP0043413,PROE 5.0 很會當 大概每使用幾分鐘就會自動跳出 且無法借License. 目前在大陸出差 是否有辦法提供協助,GOC,20120323,259
APP0051016,"PROE安裝完成後,不知何原因,執行無反應",GOC,20130522,260
APP0035416,"欲擴充已經設定好的MEETING PLACE人數上限, 由3個擴充到5個",GOC,20101028,261
APP0024148,使用者反應outlook的 meeting place今天有問題,GOC,20090210,262
APP0023581,MYQUANTA SAP無法連上,GOC,20081222,263
APP0034180,user key user id & password 是錯誤的，無法申請    #15869,GOC,20100823,264
APP0031162,ORCad設定後無法連線,GOC,20100406,265
APP0031162,ORCad設定後無法連線,GOC,20100406,266
APP0035477,"希望了解參與會議人數上限, 以及設定後, 如何在次修改與會人數",GOC,20101102,267
APP0006827,"請協助設定polycom視訊系統,會議室南棟152",GOC,20060322,268
APP0022504,無法登入 Live meeting網頁,GOC,20081009,269
APP0022504,無法登入 Live meeting網頁,GOC,20081009,270
APP0025892,Meeting place 問題    11503,GOC,20090611,271
APP0026503,"只要開啟Microsoft Outlook , 就會出現訊息要求連線。訊息內容:Exchange 目前是在復原模式下 。您可以利用網路連線到您的Exchange伺服器、離線工作，或取消登入。有三個Button可以選，連線、離線工作、取消。這個問題似乎會造成我的工作機常常Hang up.麻煩您了！謝謝！",GOC,20090729,272
APP0026681,無法對外部廠商FTP做連線的動作 (ftp://quanta_toshiba:nsk204fs@220.128.183.194/)，請幫忙解決！謝謝您！,GOC,20090806,273
APP0026674,"不好意思！想請問一下，當我開機後，會自動跳出""資料執行防止""的 錯誤訊息，如果執行關閉訊息，則會跳出視窗詢問是否回報給Microsoft ，這會造成開機時的困擾！可以幫忙解決嗎？謝謝您！辛苦了！",GOC,20090805,274
APP0026674,"不好意思！想請問一下，當我開機後，會自動跳出""資料執行防止""的 錯誤訊息，如果執行關閉訊息，則會跳出視窗詢問是否回報給Microsoft ，這會造成開機時的困擾！可以幫忙解決嗎？謝謝您！辛苦了！",GOC,20090805,275
APP0040977,"客人給的con call 帳密一直無法登入,部門中其他同仁有相同問題",GOC,20111013,276
APP0040977,"客人給的con call 帳密一直無法登入,部門中其他同仁有相同問題",GOC,20111013,277
APP0015012,與會者邀請有問題。,GOC,20070611,278
1500001473,CAMP無法登入請協助處理謝謝  EXT:13941,CAMP,20150528,279
1500001473,CAMP無法登入請協助處理謝謝  EXT:13941,CAMP,20150528,280
1500003516,安裝新版CAMP後，IOS出現相容錯誤的訊息，導致無法開啟CAMP。分機：11891,CAMP,20151223,281
1500003516,安裝新版CAMP後，IOS出現相容錯誤的訊息，導致無法開啟CAMP。分機：11891,CAMP,20151223,282
1800000608,CAMP - 產品管理 - Platform Information  1. 現行database中的Coffeelake更改為 CoffeeLake-H  2. 新增一筆CoffeeLake-U的data,CAMP,20180326,283
1800000608,CAMP - 產品管理 - Platform Information  1. 現行database中的Coffeelake更改為 CoffeeLake-H  2. 新增一筆CoffeeLake-U的data,CAMP,20180326,284
1600001229,分機: 13110  問題:  參予的專案無法透過CAMP WEB共享專案文件,CAMP,20160519,285
1600001229,分機: 13110  問題:  參予的專案無法透過CAMP WEB共享專案文件,CAMP,20160519,286
1700001528,"電腦外帶證申請單無法在CAMP簽核,預報加班/加班申請單也不行",CAMP,20170623,287
1700000003,"加入專案, 但在表單內容看不到任何資料",CAMP,20170103,288
1800001220,新增通知人員 的帳號需要額外申請嗎?  Jane_Huang@quantatw.com 無法搜尋到，這樣案子也無法加入人員,CAMP,20180606,289
1800000362,#16976  行文系統如何操作,CAMP,20180222,290
1700002141,電腦名稱 An980100513 確認電腦已無需使用提出電腦帳戶移除,CAMP,20170823,291
1800001575,登录CAMP后出现以下情况，请帮忙处理，谢谢。  IE無法顯示該網頁,CAMP,20180724,292
1800000363,#16452  iPhone 8 plus 無法更新 CAMP App,CAMP,20180222,293
1800001486,"表單編號5444, T2G,新增表單管理者, 無法搜尋到Victor_Peng@quantatw.com, 以及F.C.Lin@quantatw.com  請幫忙加入或是請幫忙看看是不是我操作上有問題  謝謝",CAMP,20180709,294
1600003343,新增會議室    分機：15484,CAMP,20161223,295
1500003566,是否有基本教學文件可以參考 #18093,CAMP,20151229,296
1700000171,"從昨天開始, 用手機版CAMP 開BPM 時, 都無法正常顯示, 一直都在加載, 轉圈中",CAMP,20170120,297
1600000710,無法在CAMP查出勤記錄,CAMP,20160323,298
APP0051016,"PROE安裝完成後,不知何原因,執行無反應",GOC,20130522,299
1800001595,"申請者目前在QSMC出差，Pro/E 系統無法開啟。  ext:38213943, 18217667425",GOC,20180725,300
APP0045570,#15911  沒有license，打不開,GOC,20120809,301
1500001593,#17167  ProE Licence不能借,GOC,20150608,302
1500001593,#17167  ProE Licence不能借,GOC,20150608,303
APP0049114,分機：12407。已經借了一整天的PorE license，還是借不到。想詢問是否有其它的方法。,GOC,20130218,304
APP0049411,使用者借用不到License，詢問是否借用率為100%。,GOC,20130306,305
APP0023950,"ICA 受到損壞, can''t login in SAP.., SAP team said that problem may because of Citrix....",GOC,20090122,306
APP0023950,"ICA 受到損壞, can''t login in SAP.., SAP team said that problem may because of Citrix....",GOC,20090122,307
APP0017781,MSN無法安裝,GOC,20071119,308
APP0049125,分機：12123。pro-e的license問題詢問。,GOC,20130218,309
1500001027,電腦是新領的，使用時會彈出錯誤視窗，似乎跟顯示的驅動有關係,GOC,20150415,310
APP0054595,分機: 12123  問題: PRO/E 系統初始頁面無法開啟。,GOC,20131216,311
APP0005738,安裝問題,GOC,20060127,312
APP0005738,安裝問題,GOC,20060127,313
APP0010087,myquanta出現驗證問題,GOC,20061114,314
APP0044312,"你好,請教一下, 我電腦去年12月底換新機, 但是PRO/E開較大組立圖會跳掉,請問是電腦問題嗎?我的電腦RAM:4GB,CPU:2.7GHz,謝謝!",GOC,20120525,315
1800001567,"Windchill 無法登入 ( Invalid server location. Please change the ""Location"" field and try again、請協助確認、謝謝",GOC,20180720,316
APP0023068,無法開啟Pro/E，請聯絡17898,GOC,20081114,317
APP0049130,"Cannot borrow license, too.",GOC,20130219,318
1600003023,"iPhone 更新,iOS: 1.07 版本之後, 就無法看出勤紀錄",CAMP,20161121,319
1800000397,無法顯示此網頁    •請確定網址   是正確的。  •使用您的搜尋引擎尋找網頁。  •在幾分鐘後重新整理網頁。,CAMP,20180227,320
1700002917,#17890   CAMP手機簽核OPS表單與網頁簽核選項有落差,CAMP,20171102,321
1800000015,CAMP無法登入,CAMP,20180102,322
1600001444,"CAMP登入問題, 使用Quanta\工號 + 公司密碼, 會無法登入...請協助",CAMP,20160606,323
1900000547,CAMP畫面為英文界面，請幫忙修改為中文界面  謝謝,CAMP,20190319,324
1700000170,因應工作需要,CAMP,20170120,325
1800001027,在CAMP系統上其他同事沒辦法搜尋到我，用名字或是mail都無法找到。,CAMP,20180514,326
1600003021,"目前在QCMC 出差, 要使用CAMP 發送料號時, 出現無法連線的錯誤畫面, 但myQuanta 是可以正常顯示",CAMP,20161121,327
1600000942,#15589  無法登入，目前人在外面有許多單子需處理,CAMP,20160418,328
1700001170,"表單附件無法下載,或下載到一部分就卡住",CAMP,20170517,329
1600000404,"第一次安裝時出現錯誤訊息:  ""尚未信任企業級開發人員，除非信任此開發人員，否則無法使用其企業級APP""  無法進行安裝  ios9.2.1",CAMP,20160218,330
1600000404,"第一次安裝時出現錯誤訊息:  ""尚未信任企業級開發人員，除非信任此開發人員，否則無法使用其企業級APP""  無法進行安裝  ios9.2.1",CAMP,20160218,331
1700000210,"CAMP簽核使用上有問題,常常需要重新登入帳密  #16910",CAMP,20170124,332
1700000215,"CAMP上面無法看到BPM單子可以簽核,但是電腦上面有看到BPM單子   #15732",CAMP,20170124,333
1500003548,手機安裝以後點開會出現錯誤訊息，無法使用,CAMP,20151228,334
1500003548,手機安裝以後點開會出現錯誤訊息，無法使用,CAMP,20151228,335
APP0041468,#15090，未收到MEETING通知信，不確定是否meeting申請成功，meeting ID 1001116,GOC,20111116,336
APP0029203,myquanta進不去，分機12208,GOC,20091215,337
APP0029203,myquanta進不去，分機12208,GOC,20091215,338
APP0022206,user反映無法在outlook中設定會議,GOC,20080919,339
1600000299,"裝了Creo 3.0 , 但Creo 2.0出問題, 重灌Creo 2.0 M110 & M060皆無效    -------------------------------------------------  The trace creation timestamp is: Tue Feb 02 09:21:34 16  The executable build timestamp is: Mon Dec 23 22:57:12 13  The datecode is: 2013410  The pro machine type is: x86e_win64  The process ID is: 8432  The traceback type is : CRASH  -------------------------------------------------  Exception EXCEPTION_ACCESS_VIOLATION has occurred in the thread 3808.  Main Thread 3808",GOC,20160202,340
APP0049130,Cannot connect to license server system. (7788@qciintralink),GOC,20130219,341
APP0049432,License is zero always. WHY? Could help to check the license usage status?,GOC,20130306,342
APP0049416,"PChost : AN990100097.quanta.corp  Cannot get license, but  there are some free license, when use PTC status to check.",GOC,20130306,343
APP0049416,Contact info : 382 5 648554,GOC,20130306,344
1600000735,CREO 3.0 License request failed.,GOC,20160328,345
APP0045606,"目前出差重慶,不管廠內外都無法使用Pro/E  同事告知需申請使用權限,已經申請權限,但還在簽核中  目前案子很緊急需用Pro/E  懇請提供協助",GOC,20120812,346
APP0045452,Pro/E licence 過期，無法使用此系統。  ext:15839,GOC,20120806,347
APP0045452,Pro/E licence 過期，無法使用此系統。  ext:15839,GOC,20120806,348
APP0024951,"user反應無法操作頁面項目   請相關系統負責人聯絡use做進一步的使用說明,謝謝!",GOC,20090409,349
APP0027338,使用者 Meeting Place 無法使用.,GOC,20090907,350
APP0027338,使用者 Meeting Place 無法使用.,GOC,20090907,351
APP0029957,myquanta 中Intra無發登入,GOC,20100125,352
APP0029957,myquanta 中Intra無發登入,GOC,20100125,353
APP0036938,"要預約MeetingPlace, 點選""Schedule Meeting""出現""Please Login""的訊息",GOC,20110121,354
APP0030132,外國的電話無法連進來 EXT:16243,GOC,20100203,355
APP0030132,外國的電話無法連進來 EXT:16243,GOC,20100203,356
APP0020019,想詢問操作及使用方法  TEL:14021,GOC,20080425,357
APP0020019,想詢問操作及使用方法  TEL:14021,GOC,20080425,358
APP0035892,MeetingPlace問題請協叔處理.,GOC,20101126,359
APP0040859,工號:85052703  電話:13551  問題類型:使用live-hd無法連線 視訊會議功能無法運作,GOC,20111007,360
APP0024197,無法使用meeting place  IP: 10.243.180.13,GOC,20090212,361
1700002372,I need access to Amazon AWS S3 for FAB project. Right now this seems blocked by the firewall.,GOC,20170914,362
APP0040004,MeetingPlace使用問題詢問,GOC,20110812,363
APP0035353,設定Meeting Place 問題 #17350,GOC,20101025,364
APP0043897,無法登入去預約會議 #15128,GOC,20120427,365
1700001851,筆電轉軸處已裂，也已凹陷,GOC,20170726,366
APP0019376,"沒法登入sap, 請與使用者聯繫 17138",GOC,20080310,367
APP0038156,登入系統時，一直出現sign in的訊息，key 入帳密碼還是無法使用,GOC,20110411,368
APP0013890,test,GOC,20070413,369
APP0025550,申請meeting place之後過了五個小時才會收到mail通知，會議時間已經過了才收到，近期已發生數次類似狀況,GOC,20090518,370
APP0025550,申請meeting place之後過了五個小時才會收到mail通知，會議時間已經過了才收到，近期已發生數次類似狀況,GOC,20090518,371
APP0041907,於對面三樓，想申請MeetingPlace但一直要輸入帳號密碼，輸入後會出現帳號密碼錯#18290,GOC,20111215,372
APP0041776,無法schedule一個meeting，提示需要登入帳號密碼#11729,GOC,20111207,373
APP0024146,user 詢問如何申請meeting place. user 想讓客戶可以遠端登入控制某一台電腦。,GOC,20090210,374
APP0024146,user 詢問如何申請meeting place. user 想讓客戶可以遠端登入控制某一台電腦。,GOC,20090210,375
APP0029792,相關操作詢問  #15254,GOC,20100114,376
APP0029792,相關操作詢問  #15254,GOC,20100114,377
APP0042417,無法使用,GOC,20120111,378
APP0044665,視訊會議 帳號設定問題,GOC,20120619,379
APP0016399,連到meeting place頁面有問題,GOC,20070829,380
APP0037773,Meeting ID 需增加人有問題..請協助處理  Ext:18973,GOC,20110318,381
APP0041286,想要修改會議參與人數。分機：382-61613,GOC,20111103,382
APP0023156,meeting place can''t use.,GOC,20081124,383
APP0023156,meeting place can''t use.,GOC,20081124,384
APP0022488,"MS office live meeting issue, 無法使用",GOC,20081009,385
APP0017921,"User在使用meetingplace上有疑問,請予以解答~~謝謝!! #13008",GOC,20071127,386
APP0034398,"使用者反應連線聲音品質不佳,請協處(Ext.16805)",GOC,20100902,387
APP0018861,User PLM 系統無法登入,GOC,20080129,388
APP0007792,無法撥通meeting place，請幫忙處理，謝謝！分機 #17596,GOC,20060522,389
APP0007792,無法撥通meeting place，請幫忙處理，謝謝！分機 #17596,GOC,20060522,390
APP0013681,視訊會議無法使用,GOC,20070402,391
APP0013681,視訊會議無法使用,GOC,20070402,392
APP0029997,使用者無法使用.,GOC,20100127,393
APP0030051,"還是無法使用10:00要con-call,請求手動幫他申請一個~",GOC,20100129,394
APP0030051,"還是無法使用10:00要con-call,請求手動幫他申請一個~",GOC,20100129,395
APP0019175,無法連上Meeting Place,GOC,20080225,396
APP0010157,不會操作,GOC,20061117,397
APP0050762,操作上問題詢問,GOC,20130507,398
1600000380,#18031  ProE License 無法使用,GOC,20160216,399
APP0028017,無法抓到公司的License,GOC,20091019,400
APP0048398,無法使用  分機: 12268,GOC,20130103,401
APP0048398,無法使用  分機: 12268,GOC,20130103,402
1700002245,請協助釋出license,GOC,20170831,403
APP0057364,麻煩請協助提供Pro/E 4.0 License，謝謝。,GOC,20140924,404
1600000373,麻煩請協助釋放Pro/E4.0 License，畫到一半停住不到五分鐘就遺失了....謝謝!!,GOC,20160215,405
APP0057376,麻煩請協助提供Pre/E4.0 License，謝謝~,GOC,20140925,406
1600000885,PDM密碼忘記,GOC,20160412,407
APP0021836,PRO-E 無法打開,GOC,20080827,408
APP0023089,"同仁PTC 無法連線至Pro-E Server, 煩請協助處理, 謝謝",GOC,20081117,409
1600000939,#12674  ProE licence點開沒有用,GOC,20160418,410
